{
  "CP001853": {
    "average": 75.17465,
    "deletion_coverage_propagation_cutoff": 11.0,
    "deletion_coverage_seed_cutoff": 0.0,
    "dispersion": 9.935314,
    "nbinom_dispersion": 8.62411361555781,
    "nbinom_mean_parameter": 77.03595,
    "nbinom_prob_parameter": 0.115953945480961,
    "nbinom_size_parameter": 10.10425,
    "nbinom_variance": 664.366785282431,
    "variance": 746.8837
  }
}