{
  "CP001853": {
    "average": 78.03047,
    "deletion_coverage_propagation_cutoff": 13.0,
    "deletion_coverage_seed_cutoff": 0.0,
    "dispersion": 11.12503,
    "nbinom_dispersion": 7.79631865157845,
    "nbinom_mean_parameter": 77.97396,
    "nbinom_prob_parameter": 0.128265665462191,
    "nbinom_size_parameter": 11.47297,
    "nbinom_variance": 607.909838685432,
    "variance": 868.0917
  }
}