{
  "CP001853": {
    "average": 85.25133,
    "deletion_coverage_propagation_cutoff": 15.0,
    "deletion_coverage_seed_cutoff": 0.0,
    "dispersion": 9.579046,
    "nbinom_dispersion": 8.62429911796252,
    "nbinom_mean_parameter": 86.79403,
    "nbinom_prob_parameter": 0.115951451395884,
    "nbinom_size_parameter": 11.38387,
    "nbinom_variance": 748.537676373413,
    "variance": 816.6263
  }
}