{
  "CP001853": {
    "average": 85.24981,
    "deletion_coverage_propagation_cutoff": 15.0,
    "deletion_coverage_seed_cutoff": 0.0,
    "dispersion": 9.579041,
    "nbinom_dispersion": 8.62581775434071,
    "nbinom_mean_parameter": 86.79538,
    "nbinom_prob_parameter": 0.115931037320697,
    "nbinom_size_parameter": 11.38178,
    "nbinom_variance": 748.681129798749,
    "variance": 816.6115
  }
}