{
  "CP001853": {
    "average": 78.02901,
    "deletion_coverage_propagation_cutoff": 13.0,
    "deletion_coverage_seed_cutoff": 0.0,
    "dispersion": 11.12557,
    "nbinom_dispersion": 7.79735251171407,
    "nbinom_mean_parameter": 77.97413,
    "nbinom_prob_parameter": 0.128248658566826,
    "nbinom_size_parameter": 11.47125,
    "nbinom_variance": 607.991778404219,
    "variance": 868.1174
  }
}