{
  "CP001853": {
    "average": 83.32933,
    "deletion_coverage_propagation_cutoff": 12.0,
    "deletion_coverage_seed_cutoff": 0.0,
    "dispersion": 11.33291,
    "nbinom_dispersion": 9.94650829696947,
    "nbinom_mean_parameter": 85.77336,
    "nbinom_prob_parameter": 0.100537793780827,
    "nbinom_size_parameter": 9.587356,
    "nbinom_variance": 853.145436898949,
    "variance": 944.3635
  }
}