{
  "CP001853": {
    "average": 78.08204,
    "deletion_coverage_propagation_cutoff": 13.0,
    "deletion_coverage_seed_cutoff": 0.0,
    "dispersion": 9.832476,
    "nbinom_dispersion": 8.35093807643351,
    "nbinom_mean_parameter": 78.94562,
    "nbinom_prob_parameter": 0.119747026124169,
    "nbinom_size_parameter": 10.73953,
    "nbinom_variance": 659.269984025651,
    "variance": 767.7398
  }
}